/******************************************************************************/
/****         Generated by IBExpert 2004.01.22 12.09.2006 10:49:30         ****/
/******************************************************************************/

INSERT INTO BELGETUR (BELGE_TUR, ADI, BELGE_KOD, REFERANS_TABLO) VALUES (1, 'ALIÞ FATURASI', 'ALIS FATURASI', 'FAT_IRS');
INSERT INTO BELGETUR (BELGE_TUR, ADI, BELGE_KOD, REFERANS_TABLO) VALUES (4, 'BORÇ ÇEKÝ', 'BORC CEKI', 'CEK');
INSERT INTO BELGETUR (BELGE_TUR, ADI, BELGE_KOD, REFERANS_TABLO) VALUES (5, 'DEVIR KAYDI', 'DEVIR KAYDI', NULL);
INSERT INTO BELGETUR (BELGE_TUR, ADI, BELGE_KOD, REFERANS_TABLO) VALUES (6, 'M.C ALINDI KAYDI', 'MUSTERI CEK', 'CEK');
INSERT INTO BELGETUR (BELGE_TUR, ADI, BELGE_KOD, REFERANS_TABLO) VALUES (7, 'M.S. ALINDI KAYDI', 'MUSTERI SENET', 'SENET');
INSERT INTO BELGETUR (BELGE_TUR, ADI, BELGE_KOD, REFERANS_TABLO) VALUES (8, 'MUSTERI CEK CIROLAMASI', 'MCEK CIRO', 'CEKSENHAR');
INSERT INTO BELGETUR (BELGE_TUR, ADI, BELGE_KOD, REFERANS_TABLO) VALUES (9, 'CEK BORDROSU', 'CEK BORDROSU', 'CEKSENHAR');
INSERT INTO BELGETUR (BELGE_TUR, ADI, BELGE_KOD, REFERANS_TABLO) VALUES (10, 'SENET BORDROSU', 'SENET BORDROSU', 'CEKSENHAR');
INSERT INTO BELGETUR (BELGE_TUR, ADI, BELGE_KOD, REFERANS_TABLO) VALUES (11, 'CEK IADE DEKONTU', 'CEK IADE', 'CEKSENHAR');
INSERT INTO BELGETUR (BELGE_TUR, ADI, BELGE_KOD, REFERANS_TABLO) VALUES (12, 'SENET IADE DEKONTU', 'SENET IADE', 'CEKSENHAR');
INSERT INTO BELGETUR (BELGE_TUR, ADI, BELGE_KOD, REFERANS_TABLO) VALUES (13, 'MUSTERI SENET CIROLAMASI', 'SENET CIRO', 'CEKSENHAR');
INSERT INTO BELGETUR (BELGE_TUR, ADI, BELGE_KOD, REFERANS_TABLO) VALUES (14, 'KASA', 'KASA', 'CEKSENHAR');
INSERT INTO BELGETUR (BELGE_TUR, ADI, BELGE_KOD, REFERANS_TABLO) VALUES (15, 'PORTFOYDE KI KARÞILIKSIZ ÇEK DEKONTU', 'P KSIZ CEK', 'CEKSENHAR');
INSERT INTO BELGETUR (BELGE_TUR, ADI, BELGE_KOD, REFERANS_TABLO) VALUES (16, 'PORTFOYDEKI PROTESTOLU SENET DEKONTU', 'P PROT SEN', 'CEKSENHAR');
INSERT INTO BELGETUR (BELGE_TUR, ADI, BELGE_KOD, REFERANS_TABLO) VALUES (17, 'SERBEST DEKONT', 'SERBEST DEKONT', 'DEKONTHAR');
INSERT INTO BELGETUR (BELGE_TUR, ADI, BELGE_KOD, REFERANS_TABLO) VALUES (18, 'BORÇ SENET', 'SENET', 'SENET');
INSERT INTO BELGETUR (BELGE_TUR, ADI, BELGE_KOD, REFERANS_TABLO) VALUES (19, 'CARI', 'CARI', 'CARI');
INSERT INTO BELGETUR (BELGE_TUR, ADI, BELGE_KOD, REFERANS_TABLO) VALUES (20, 'SATIÞ FATURASI', 'SATIS FATURASI', 'FAT_IRS');
INSERT INTO BELGETUR (BELGE_TUR, ADI, BELGE_KOD, REFERANS_TABLO) VALUES (21, 'MUSTERI CEKI TAHSILE VERME', 'CEK TAHSIL', 'CEKSENHAR');
INSERT INTO BELGETUR (BELGE_TUR, ADI, BELGE_KOD, REFERANS_TABLO) VALUES (22, 'MUSTERI SENEDI TAHSILE VERME', 'SEN TAHSIL', 'CEKSENHAR');
INSERT INTO BELGETUR (BELGE_TUR, ADI, BELGE_KOD, REFERANS_TABLO) VALUES (24, 'SATICIDAN GELEN KARÞILIKSIZ ÇEK', 'S KSIZ CEK', 'CEKSENHAR');
INSERT INTO BELGETUR (BELGE_TUR, ADI, BELGE_KOD, REFERANS_TABLO) VALUES (25, 'BANKADAN GELEN KARÞILIKSIZ ÇEK', 'B KSIZ CEK', 'CEKSENHAR');
INSERT INTO BELGETUR (BELGE_TUR, ADI, BELGE_KOD, REFERANS_TABLO) VALUES (26, 'SATICIDAN GELEN PROTESTOLU SENET', 'S PROT SENET', 'CEKSENHAR');
INSERT INTO BELGETUR (BELGE_TUR, ADI, BELGE_KOD, REFERANS_TABLO) VALUES (27, 'BANKADAN GELEN PROTESTOLU SENET', 'B PROT SENET', 'CEKSENHAR');
INSERT INTO BELGETUR (BELGE_TUR, ADI, BELGE_KOD, REFERANS_TABLO) VALUES (28, 'BANKADAN GELEN ÇEK SENET TAHSÝL DEKONTU', 'B CEK TAH DE', 'CEKSENHAR');
INSERT INTO BELGETUR (BELGE_TUR, ADI, BELGE_KOD, REFERANS_TABLO) VALUES (29, 'BORÇ ÇEKÝ ÖDEME DEKONTU', 'BCEK ODEME', 'CEKSENHAR');
INSERT INTO BELGETUR (BELGE_TUR, ADI, BELGE_KOD, REFERANS_TABLO) VALUES (30, 'BORÇ ÇEKÝ ÝADE DEKONTU', 'BCEK IADE', 'CEKSENHAR');
INSERT INTO BELGETUR (BELGE_TUR, ADI, BELGE_KOD, REFERANS_TABLO) VALUES (31, 'BORC SENETÝ ÝADE DEKONTU', 'BSEN IADE', 'CEKSENHAR');
INSERT INTO BELGETUR (BELGE_TUR, ADI, BELGE_KOD, REFERANS_TABLO) VALUES (32, 'BANKADAN GELEN SENET TAHSÝL DEK', 'B SEN TAH DE', 'CEKSENHAR');
INSERT INTO BELGETUR (BELGE_TUR, ADI, BELGE_KOD, REFERANS_TABLO) VALUES (33, 'KASAYA ÇEK SENET TAHSÝLÝ', 'KASA CE/SE TAH', 'CEKSENHAR');
INSERT INTO BELGETUR (BELGE_TUR, ADI, BELGE_KOD, REFERANS_TABLO) VALUES (34, 'KASADAN ÇEK SENET TEDÝYESÝ', 'KASA CE/SE TED', 'CEKSENHAR');
INSERT INTO BELGETUR (BELGE_TUR, ADI, BELGE_KOD, REFERANS_TABLO) VALUES (37, 'MUSTERI SIPARISI', 'MUSTERI SIPARIS', 'SIPARIS');
INSERT INTO BELGETUR (BELGE_TUR, ADI, BELGE_KOD, REFERANS_TABLO) VALUES (38, 'SATICI SIPARISI', 'SATICI SIPARISI', 'SIPARIS');
INSERT INTO BELGETUR (BELGE_TUR, ADI, BELGE_KOD, REFERANS_TABLO) VALUES (35, 'ALIÞ ÝRSALÝYE', 'ÝRSALÝYE', 'FAT_IRS');
INSERT INTO BELGETUR (BELGE_TUR, ADI, BELGE_KOD, REFERANS_TABLO) VALUES (36, 'SATIS ÝRSALÝYE', 'ÝRSALÝYE', 'FAT_IRS');
INSERT INTO BELGETUR (BELGE_TUR, ADI, BELGE_KOD, REFERANS_TABLO) VALUES (41, 'SEFER', 'SEFER', 'ARACHAR');
INSERT INTO BELGETUR (BELGE_TUR, ADI, BELGE_KOD, REFERANS_TABLO) VALUES (42, 'MAZOT FÝÞÝ', 'MAZOT_FISI', 'ARACHAR');
INSERT INTO BELGETUR (BELGE_TUR, ADI, BELGE_KOD, REFERANS_TABLO) VALUES (43, 'YUKLEME FÝÞÝ', 'KOMISYON', 'KOMISYON');
INSERT INTO BELGETUR (BELGE_TUR, ADI, BELGE_KOD, REFERANS_TABLO) VALUES (60, 'ONARIM FÝÞÝ', 'ONARIM FÝÞÝ', 'SRV_ARAC_ONARIM');

COMMIT WORK;

INSERT INTO BELGE_YAZ (BELGE_TUR, SIRA_NO, SUBE_ID, DOSYA_PATH, ACIKLAMA) VALUES (4, 1, 1, 'C:\CedaLi\Files\borcceki.prt', 'BORÇ ÇEKÝ');
INSERT INTO BELGE_YAZ (BELGE_TUR, SIRA_NO, SUBE_ID, DOSYA_PATH, ACIKLAMA) VALUES (6, 1, 1, 'C:\CedaLi\Files\mustericeki.prt', 'MÜÞTERÝ ÇEKÝ');
INSERT INTO BELGE_YAZ (BELGE_TUR, SIRA_NO, SUBE_ID, DOSYA_PATH, ACIKLAMA) VALUES (8, 1, 1, 'C:\CedaLi\Files\mustericekiciro.prt', 'KASADAN ÇEK SENET HAREKETLERÝ');
INSERT INTO BELGE_YAZ (BELGE_TUR, SIRA_NO, SUBE_ID, DOSYA_PATH, ACIKLAMA) VALUES (11, 1, 1, 'C:\CedaLi\Files\mustericekiade.prt', 'MÜÞTERÝ ÇEKÝ ÝADE   ETME');
INSERT INTO BELGE_YAZ (BELGE_TUR, SIRA_NO, SUBE_ID, DOSYA_PATH, ACIKLAMA) VALUES (14, 1, 1, 'C:\CedaLi\Files\kasacari.prt', 'KASA CARI');
INSERT INTO BELGE_YAZ (BELGE_TUR, SIRA_NO, SUBE_ID, DOSYA_PATH, ACIKLAMA) VALUES (14, 2, 1, 'C:\CedaLi\Files\kasamuhtelif.prt', 'KASA MUHTELIF');
INSERT INTO BELGE_YAZ (BELGE_TUR, SIRA_NO, SUBE_ID, DOSYA_PATH, ACIKLAMA) VALUES (14, 4, 1, 'C:\CedaLi\Files\kasatransfer.prt', 'KASALAR ARASI   TRANSFER');
INSERT INTO BELGE_YAZ (BELGE_TUR, SIRA_NO, SUBE_ID, DOSYA_PATH, ACIKLAMA) VALUES (17, 1, 1, 'C:\CedaLi\Files\dekont.prt', 'DEKONT');
INSERT INTO BELGE_YAZ (BELGE_TUR, SIRA_NO, SUBE_ID, DOSYA_PATH, ACIKLAMA) VALUES (20, 1, 1, 'C:\CedaLi\Files\gumrukleme_fatura.prt', 'FATURA');
INSERT INTO BELGE_YAZ (BELGE_TUR, SIRA_NO, SUBE_ID, DOSYA_PATH, ACIKLAMA) VALUES (28, 1, 1, 'C:\CedaLi\Files\kasaceksenet.prt', 'KASADAN ÇEK SENET HAREKETLERÝ');
INSERT INTO BELGE_YAZ (BELGE_TUR, SIRA_NO, SUBE_ID, DOSYA_PATH, ACIKLAMA) VALUES (29, 1, 1, 'C:\CedaLi\Files\borccekode.prt', 'BORÇ ÇEKÝ ÖDEME DEKONTU');
INSERT INTO BELGE_YAZ (BELGE_TUR, SIRA_NO, SUBE_ID, DOSYA_PATH, ACIKLAMA) VALUES (30, 1, 1, 'C:\CedaLi\Files\borccekiadeyeni.prt', 'BORÇ ÇEKÝ ÝADE ALMA   DEKONTU');
INSERT INTO BELGE_YAZ (BELGE_TUR, SIRA_NO, SUBE_ID, DOSYA_PATH, ACIKLAMA) VALUES (33, 1, 1, 'C:\CedaLi\Files\kasaceksenet.prt', NULL);
INSERT INTO BELGE_YAZ (BELGE_TUR, SIRA_NO, SUBE_ID, DOSYA_PATH, ACIKLAMA) VALUES (34, 1, 1, 'C:\CedaLi\Files\kasaceksenettediye.prt', NULL);
INSERT INTO BELGE_YAZ (BELGE_TUR, SIRA_NO, SUBE_ID, DOSYA_PATH, ACIKLAMA) VALUES (37, 1, 1, 'C:\CedaLi\Files\bilgisayar_siparis.prt', NULL);
INSERT INTO BELGE_YAZ (BELGE_TUR, SIRA_NO, SUBE_ID, DOSYA_PATH, ACIKLAMA) VALUES (36, 1, 1, 'C:\CedaLi\Files\bilgisayar_irsaliye.prt', NULL);
INSERT INTO BELGE_YAZ (BELGE_TUR, SIRA_NO, SUBE_ID, DOSYA_PATH, ACIKLAMA) VALUES (43, 1, 1, 'C:\CedaLi\Files\Yukleme_Fisi.prt', NULL);

COMMIT WORK;

INSERT INTO DOVKART (DOVKOD, ADI, TAKIP, VPB, PARITE, PARITE_DEGER) VALUES ('EUR', 'AVRUPA BÝRLÝÐÝ PARA BÝRÝMÝ', 1, 0, 0, 0);
INSERT INTO DOVKART (DOVKOD, ADI, TAKIP, VPB, PARITE, PARITE_DEGER) VALUES ('GBP', 'ÝNGÝLÝZ STERLÝNÝ', 0, 0, 0, 0);
INSERT INTO DOVKART (DOVKOD, ADI, TAKIP, VPB, PARITE, PARITE_DEGER) VALUES ('TRL', 'TÜRK LÝRASI', 1, 0, 0, 0);
INSERT INTO DOVKART (DOVKOD, ADI, TAKIP, VPB, PARITE, PARITE_DEGER) VALUES ('USD', 'AMERÝKAN DOLARI', 1, 0, 0, 0);
INSERT INTO DOVKART (DOVKOD, ADI, TAKIP, VPB, PARITE, PARITE_DEGER) VALUES ('YTL', 'YENÝ TÜRK LÝRASI', 0, 1, 1, 1E-6);

COMMIT WORK;

INSERT INTO PARAMETERS (SUBE_ID, MODUL_ID, PARAM_NAME, DEGER, PARAM_ACK, KODLAMA) VALUES (0, 0, 'ART_AL_RENK', '$00FFFF80', 'PROGRAM DA AKTÝF NESNENÝN ART ALAN RENGÝNÝ TANIMLAR, LÝSTE ÝÇÝN F4', 0);
INSERT INTO PARAMETERS (SUBE_ID, MODUL_ID, PARAM_NAME, DEGER, PARAM_ACK, KODLAMA) VALUES (0, 0, 'ASGN_USR_SID', '1', 'KULLANICININ SUBE ID SÝ PROGRAMA GÝRDÝÐÝNDE GLOBAL SID OLARAK BELÝRLENSÝN MÝ', 0);
INSERT INTO PARAMETERS (SUBE_ID, MODUL_ID, PARAM_NAME, DEGER, PARAM_ACK, KODLAMA) VALUES (0, 0, 'BEK_HIZ_URN_KOD', 'URN0100002', 'URUN TABLOSUNDA AÇILAN BEKLEME HÝZMETÝ ÝÇÝN ÜRÜN KODU GÝRÝLÝR', 0);
INSERT INTO PARAMETERS (SUBE_ID, MODUL_ID, PARAM_NAME, DEGER, PARAM_ACK, KODLAMA) VALUES (0, 0, 'BG_COLOR', '$000000', 'MAÝNFORM BGCOLOR', 0);
INSERT INTO PARAMETERS (SUBE_ID, MODUL_ID, PARAM_NAME, DEGER, PARAM_ACK, KODLAMA) VALUES (0, 0, 'CALISMA_YIL', '2007', 'ÇALIÞMA YILINI GÖSTERÝR PARAMETRE "2002" GÝBÝ', 0);
INSERT INTO PARAMETERS (SUBE_ID, MODUL_ID, PARAM_NAME, DEGER, PARAM_ACK, KODLAMA) VALUES (0, 0, 'DOV_FIELD_PF', '#,##.00', 'Programda ki Döviz sahalarýnýn formatý', 0);
INSERT INTO PARAMETERS (SUBE_ID, MODUL_ID, PARAM_NAME, DEGER, PARAM_ACK, KODLAMA) VALUES (0, 0, 'DOV_KUR_PF', '#,##.0000', 'Programdaki Döviz Kuru sahalarýnýn para formatý', 0);
INSERT INTO PARAMETERS (SUBE_ID, MODUL_ID, PARAM_NAME, DEGER, PARAM_ACK, KODLAMA) VALUES (0, 0, 'EN_GER_KAY_TAR', '20061231', 'KAYIT GÝRLEBÝLECEK EN ESKÝ TARÝH', 0);
INSERT INTO PARAMETERS (SUBE_ID, MODUL_ID, PARAM_NAME, DEGER, PARAM_ACK, KODLAMA) VALUES (0, 0, 'FATURA_MIK_SEF', '1', '1 SEFERÝ SEFER SAYISINDAN 2 SEFER SAYISI*MIKTAR FATURANLANDIR', 0);
INSERT INTO PARAMETERS (SUBE_ID, MODUL_ID, PARAM_NAME, DEGER, PARAM_ACK, KODLAMA) VALUES (0, 0, 'KODFILLCHAR', '0', 'Kodlama iþlemi yapýlýrken kullanýcalac doldurma karekteri', 0);
INSERT INTO PARAMETERS (SUBE_ID, MODUL_ID, PARAM_NAME, DEGER, PARAM_ACK, KODLAMA) VALUES (0, 0, 'KOD_LENGTH', '9', 'Kod Uzunluðu (Karakter Cinsinden)', 0);
INSERT INTO PARAMETERS (SUBE_ID, MODUL_ID, PARAM_NAME, DEGER, PARAM_ACK, KODLAMA) VALUES (0, 0, 'KOD_SUBE', '0', 'KOD VERME IÞLEMI SIRASINDA ÞUBE KODU KOD A DAHIL EDILSIN MI?   1-0   1:  CR01000068-TR', 0);
INSERT INTO PARAMETERS (SUBE_ID, MODUL_ID, PARAM_NAME, DEGER, PARAM_ACK, KODLAMA) VALUES (0, 0, 'KOD_SUBE_LENGTH', '2', 'EÐER ÞUBE KODU KODLAMAYA DAHIL EDILECEKSE UZUNLUÐU   3-5 GÝBÝ Kod Uzunluðu (Karakter Cinsinden)', 0);
INSERT INTO PARAMETERS (SUBE_ID, MODUL_ID, PARAM_NAME, DEGER, PARAM_ACK, KODLAMA) VALUES (0, 0, 'MAZ_HIZ_URN_KOD', 'URN0100003', 'MAZOT ALIMNIN FATURALAÞTIRILMASI ÝÇÝN ÜRÜN KODU', 0);
INSERT INTO PARAMETERS (SUBE_ID, MODUL_ID, PARAM_NAME, DEGER, PARAM_ACK, KODLAMA) VALUES (0, 0, 'NAK_HIZ_URN_KOD', 'URN0100001', 'URUN TABLOSUNDA AÇILAN NAKLYE ÝÇÝN HÝZMET BEDELÝ ÜRÜN KODU GÝRÝLÝR', 0);
INSERT INTO PARAMETERS (SUBE_ID, MODUL_ID, PARAM_NAME, DEGER, PARAM_ACK, KODLAMA) VALUES (0, 0, 'RAPOR_RENK_KUL', '1', 'Raporlardaki satýr renklendirme kullnýlacak mý 1 evet 0 hayýr', 0);
INSERT INTO PARAMETERS (SUBE_ID, MODUL_ID, PARAM_NAME, DEGER, PARAM_ACK, KODLAMA) VALUES (0, 0, 'RAP_ARKAPRENK1', '29', 'Raporlardaki renklendirmeki ilk satýr rengi', 0);
INSERT INTO PARAMETERS (SUBE_ID, MODUL_ID, PARAM_NAME, DEGER, PARAM_ACK, KODLAMA) VALUES (0, 0, 'RAP_ARKAPRENK2', '30', 'Raporlardaki renklendirmeki ikinic satýr rengi', 0);
INSERT INTO PARAMETERS (SUBE_ID, MODUL_ID, PARAM_NAME, DEGER, PARAM_ACK, KODLAMA) VALUES (0, 0, 'RAP_RENK_TIPI', '2', 'Raporlardaki renklendirme Arka plan ise 1 Yazý Rengi ise 2', 0);
INSERT INTO PARAMETERS (SUBE_ID, MODUL_ID, PARAM_NAME, DEGER, PARAM_ACK, KODLAMA) VALUES (0, 0, 'SUBE_KOD', '1', 'ÇALIÞILAN ÞUBENIN NUMARASI 1-2-3 GÝBÝ', 0);
INSERT INTO PARAMETERS (SUBE_ID, MODUL_ID, PARAM_NAME, DEGER, PARAM_ACK, KODLAMA) VALUES (0, 0, 'S_DIAG_GRUP_KOD', 'A', 'DÝAGNOSTÝK GRUP KOD', 0);
INSERT INTO PARAMETERS (SUBE_ID, MODUL_ID, PARAM_NAME, DEGER, PARAM_ACK, KODLAMA) VALUES (0, 0, 'S_ISCI_GRUP_KOD', 'A', 'ÝÞÇÝLÝK GRURUP KODU', 0);
INSERT INTO PARAMETERS (SUBE_ID, MODUL_ID, PARAM_NAME, DEGER, PARAM_ACK, KODLAMA) VALUES (0, 0, 'S_MAL_GRUP_KOD', 'A', 'MALZEME GRUP KODU', 0);
INSERT INTO PARAMETERS (SUBE_ID, MODUL_ID, PARAM_NAME, DEGER, PARAM_ACK, KODLAMA) VALUES (0, 0, 'VPB_FIELD_PF', '#,##.00', 'Programda Varsayýlan Para Biriminin Para Formatý', 0);
INSERT INTO PARAMETERS (SUBE_ID, MODUL_ID, PARAM_NAME, DEGER, PARAM_ACK, KODLAMA) VALUES (0, 0, 'YAZICI_IS_BIL', '1', 'Yazýcýda iþ varsa bunu kullnýcýya bildirmesi için 1 ', 0);
INSERT INTO PARAMETERS (SUBE_ID, MODUL_ID, PARAM_NAME, DEGER, PARAM_ACK, KODLAMA) VALUES (0, 0, 'YAZI_RENK', 'clBlack', 'PROGRAM DA AKTÝF NESNENÝN YAZI RENGÝNÝ TANIMLAR, LÝSTE ÝÇÝN F4', 0);
INSERT INTO PARAMETERS (SUBE_ID, MODUL_ID, PARAM_NAME, DEGER, PARAM_ACK, KODLAMA) VALUES (0, 1, 'SATISKUR', '2', 'KUR ISLEMLERINDE SATIS KURUNDA HANGÝ KURUN KULLANILACAÐINI BELIRTEN DEÐER.  1- ALIS KURU  2- SATIS KURU  3- EFEKTIF ALIS  4- EFEKTIF SATIS', 0);
INSERT INTO PARAMETERS (SUBE_ID, MODUL_ID, PARAM_NAME, DEGER, PARAM_ACK, KODLAMA) VALUES (0, 1, 'USEDOVIZ', '1', 'ÞÝRKETÝN DÖVÝZLÝ TAKÝP YAPIP YAPMADIÐINI SORGULAR. TAKIPLI ÝSE 1 DEÐIL ÝSE 0 DEÐERINI ALIR', 0);
INSERT INTO PARAMETERS (SUBE_ID, MODUL_ID, PARAM_NAME, DEGER, PARAM_ACK, KODLAMA) VALUES (0, 2, 'C_GP_KOD_LENGTH', '10', 'Cgrup tanýmlamalarýnda otomatik kullanýlacak Kodun Uzunluðu Karakter cinsinden', 1);
INSERT INTO PARAMETERS (SUBE_ID, MODUL_ID, PARAM_NAME, DEGER, PARAM_ACK, KODLAMA) VALUES (0, 2, 'C_GP_PRE_KOD', 'CGRP', 'Kod Baþlýðý Ör: Cari Modulu için "CR" örnek Kod "CR01000011"', 1);
INSERT INTO PARAMETERS (SUBE_ID, MODUL_ID, PARAM_NAME, DEGER, PARAM_ACK, KODLAMA) VALUES (0, 2, 'KOD_LENGTH', '10', 'Kod Uzunluðu (Karakter Cinsinden)', 1);
INSERT INTO PARAMETERS (SUBE_ID, MODUL_ID, PARAM_NAME, DEGER, PARAM_ACK, KODLAMA) VALUES (0, 2, 'LIMIT_ASIM_UYAR', '1', 'CARÝ LÝMÝT AÞIMLARINDA KULLANICIYI UYARILMASINI ISTIYORSANIZ 1  ISTEMIYORSANIZ 0', 0);
INSERT INTO PARAMETERS (SUBE_ID, MODUL_ID, PARAM_NAME, DEGER, PARAM_ACK, KODLAMA) VALUES (0, 2, 'PRE_KOD', 'CR', 'Kod Baþlýðý Ör: Cari Modulu için "CR" örnek Kod "CR01000011"', 1);
INSERT INTO PARAMETERS (SUBE_ID, MODUL_ID, PARAM_NAME, DEGER, PARAM_ACK, KODLAMA) VALUES (0, 5, 'BC_KOD_LENGTH', '9', 'Kod Uzunluðu (Karakter Cinsinden)', 1);
INSERT INTO PARAMETERS (SUBE_ID, MODUL_ID, PARAM_NAME, DEGER, PARAM_ACK, KODLAMA) VALUES (0, 5, 'BC_PRE_KOD', 'BC', 'Kod Baþlýðý Ör: Cari Modulu için "CR" örnek Kod "CR01000011"', 1);
INSERT INTO PARAMETERS (SUBE_ID, MODUL_ID, PARAM_NAME, DEGER, PARAM_ACK, KODLAMA) VALUES (0, 5, 'MC_KOD_LENGTH', '9', 'Kod Uzunluðu (Karakter Cinsinden)', 1);
INSERT INTO PARAMETERS (SUBE_ID, MODUL_ID, PARAM_NAME, DEGER, PARAM_ACK, KODLAMA) VALUES (0, 5, 'MC_PRE_KOD', 'MC', 'Kod Baþlýðý Ör: Cari Modulu için "CR" örnek Kod "CR01000011"', 1);
INSERT INTO PARAMETERS (SUBE_ID, MODUL_ID, PARAM_NAME, DEGER, PARAM_ACK, KODLAMA) VALUES (0, 6, 'BS_PRE_KOD', 'BSN', NULL, 1);
INSERT INTO PARAMETERS (SUBE_ID, MODUL_ID, PARAM_NAME, DEGER, PARAM_ACK, KODLAMA) VALUES (0, 6, 'KOD_LENGTH', '9', 'Kod Uzunluðu (Karakter Cinsinden)', 1);
INSERT INTO PARAMETERS (SUBE_ID, MODUL_ID, PARAM_NAME, DEGER, PARAM_ACK, KODLAMA) VALUES (0, 6, 'MS_PRE_KOD', 'MSN', 'Kod Baþlýðý Ör: Cari Modulu için "CR" örnek Kod "CR01000011"', 1);
INSERT INTO PARAMETERS (SUBE_ID, MODUL_ID, PARAM_NAME, DEGER, PARAM_ACK, KODLAMA) VALUES (0, 7, 'ALLOW_OVER_STCK', '1', 'URUN BORÇ MIKTARINI AÞAN ÇIKIÞ ÝÞLEMLERÝNE ÝZÝN VER', 0);
INSERT INTO PARAMETERS (SUBE_ID, MODUL_ID, PARAM_NAME, DEGER, PARAM_ACK, KODLAMA) VALUES (0, 7, 'CIKIS_TIPI', '0', '0 ÜRÜN BÝLGÝSÝ 1 SON FYAT 2 FÝFO 3 LÝFO', 0);
INSERT INTO PARAMETERS (SUBE_ID, MODUL_ID, PARAM_NAME, DEGER, PARAM_ACK, KODLAMA) VALUES (0, 7, 'KDV_ORAN', '18', 'URUN TANIMLARKEN OTOMATÝK OLARAK GELECEK KDV ORANI', 0);
INSERT INTO PARAMETERS (SUBE_ID, MODUL_ID, PARAM_NAME, DEGER, PARAM_ACK, KODLAMA) VALUES (0, 7, 'KOD_LENGTH', '9', 'Kod Uzunluðu (Karakter Cinsinden)', 1);
INSERT INTO PARAMETERS (SUBE_ID, MODUL_ID, PARAM_NAME, DEGER, PARAM_ACK, KODLAMA) VALUES (0, 7, 'LIFO', '0', 'URUN HAREKETLERINDE LIFO KULLANILIYORSA 1 KULLANILMIYORSA 0', 1);
INSERT INTO PARAMETERS (SUBE_ID, MODUL_ID, PARAM_NAME, DEGER, PARAM_ACK, KODLAMA) VALUES (0, 7, 'PRE_KOD', 'URN', 'Kod Baþlýðý Ör: Cari Modulu için "CR" örnek Kod "CR01000011"', 1);
INSERT INTO PARAMETERS (SUBE_ID, MODUL_ID, PARAM_NAME, DEGER, PARAM_ACK, KODLAMA) VALUES (0, 7, 'URN_0_DAN_AZ', '1', 'EÐER SATILAN ÜRÜNÜN STOKTAKÝ MÝKTARI 0 DAN AZ ÝSE UYARI VERSÝN 1   UYARI VERILMESIN ISTIYORSANIZ 0', 1);
INSERT INTO PARAMETERS (SUBE_ID, MODUL_ID, PARAM_NAME, DEGER, PARAM_ACK, KODLAMA) VALUES (0, 7, 'URN_DOV_TAK', '1', 'URUN FIYATLARINDA BORÇ-ALACAK-BAKIYE DEÐERLERININ DOVIZ MODULUNDE KI TAKIPLI DOVIZ CINSLERI ILE DE TAKIP EDILMESINI ISTIYORSANIZ 1 ISTEMIYORSANIZ BU PARAMETREYE 0 DEÐERINI ATAYINIZ. DOVIZ - USEDOVIZ PARAMETRESI 0 ISE BU PARAMETRE  ISLEM YAPMAZ', 0);
INSERT INTO PARAMETERS (SUBE_ID, MODUL_ID, PARAM_NAME, DEGER, PARAM_ACK, KODLAMA) VALUES (0, 7, 'U_GR_KOD_LENGTH', '12', 'Kod Uzunluðu (Karakter Cinsinden)', 1);
INSERT INTO PARAMETERS (SUBE_ID, MODUL_ID, PARAM_NAME, DEGER, PARAM_ACK, KODLAMA) VALUES (0, 7, 'U_GR_PRE_KOD', 'URNGRP', 'Kod Baþlýðý Ör: Cari Modulu için "CR" örnek Kod "CR01000011"', 1);
INSERT INTO PARAMETERS (SUBE_ID, MODUL_ID, PARAM_NAME, DEGER, PARAM_ACK, KODLAMA) VALUES (0, 7, 'WARN_OVER_STOCK', '0', 'URUN BORC MÝKTARINI AÞAN ÝÞLEMLERDE UYAR', 0);
INSERT INTO PARAMETERS (SUBE_ID, MODUL_ID, PARAM_NAME, DEGER, PARAM_ACK, KODLAMA) VALUES (0, 8, 'DEPO_UYG', '1', 'DEPO UYGULAMSI VARMI  1 VAR  0 YOK', 0);
INSERT INTO PARAMETERS (SUBE_ID, MODUL_ID, PARAM_NAME, DEGER, PARAM_ACK, KODLAMA) VALUES (0, 8, 'KOD_LENGTH', '9', 'Kod Uzunluðu (Karakter Cinsinden)', 1);
INSERT INTO PARAMETERS (SUBE_ID, MODUL_ID, PARAM_NAME, DEGER, PARAM_ACK, KODLAMA) VALUES (0, 8, 'PRE_KOD', 'DP', 'Kod Baþlýðý Ör: Cari Modulu için "CR" örnek Kod "CR01000011"', 1);
INSERT INTO PARAMETERS (SUBE_ID, MODUL_ID, PARAM_NAME, DEGER, PARAM_ACK, KODLAMA) VALUES (0, 9, 'KOD_LENGTH', '9', 'Kod Uzunluðu (Karakter Cinsinden)', 1);
INSERT INTO PARAMETERS (SUBE_ID, MODUL_ID, PARAM_NAME, DEGER, PARAM_ACK, KODLAMA) VALUES (0, 9, 'PRE_KOD', 'PRJ', 'Kod Baþlýðý Ör: Cari Modulu için "CR" örnek Kod "CR01000011"', 1);
INSERT INTO PARAMETERS (SUBE_ID, MODUL_ID, PARAM_NAME, DEGER, PARAM_ACK, KODLAMA) VALUES (0, 9, 'PROJE_UYG', '1', 'PROJE UYGULAMASI VAR MI?', 0);
INSERT INTO PARAMETERS (SUBE_ID, MODUL_ID, PARAM_NAME, DEGER, PARAM_ACK, KODLAMA) VALUES (0, 10, 'KOD_LENGTH', '9', 'Kod Uzunluðu (Karakter Cinsinden)', 1);
INSERT INTO PARAMETERS (SUBE_ID, MODUL_ID, PARAM_NAME, DEGER, PARAM_ACK, KODLAMA) VALUES (0, 10, 'PLASIYER_UYG', '0', 'PLASIYER UYGULAMASI VAR MI?', 0);
INSERT INTO PARAMETERS (SUBE_ID, MODUL_ID, PARAM_NAME, DEGER, PARAM_ACK, KODLAMA) VALUES (0, 10, 'PRE_KOD', 'PLS', 'Kod Baþlýðý Ör: Cari Modulu için "CR" örnek Kod "CR01000011"', 1);
INSERT INTO PARAMETERS (SUBE_ID, MODUL_ID, PARAM_NAME, DEGER, PARAM_ACK, KODLAMA) VALUES (0, 11, 'ALIS_PRE_KOD', 'AF', 'Kod Baþlýðý Ör: Cari Modulu için "CR" örnek Kod "CR01000011"', 1);
INSERT INTO PARAMETERS (SUBE_ID, MODUL_ID, PARAM_NAME, DEGER, PARAM_ACK, KODLAMA) VALUES (0, 11, 'FAT_SERI', 'C', 'Faturanýn Seri Numarasý', 0);
INSERT INTO PARAMETERS (SUBE_ID, MODUL_ID, PARAM_NAME, DEGER, PARAM_ACK, KODLAMA) VALUES (0, 11, 'KOD_LENGTH', '8', 'Kod Uzunluðu (Karakter Cinsinden)', 1);
INSERT INTO PARAMETERS (SUBE_ID, MODUL_ID, PARAM_NAME, DEGER, PARAM_ACK, KODLAMA) VALUES (0, 12, 'ALACAK_PRE_KOD', 'AC', 'Kod Baþlýðý Ör: Cari Modulu için "CR" örnek Kod "CR01000011"', 1);
INSERT INTO PARAMETERS (SUBE_ID, MODUL_ID, PARAM_NAME, DEGER, PARAM_ACK, KODLAMA) VALUES (0, 12, 'AL_KOD_LENGTH', '8', 'Kod Uzunluðu (Karakter Cinsinden)', 1);
INSERT INTO PARAMETERS (SUBE_ID, MODUL_ID, PARAM_NAME, DEGER, PARAM_ACK, KODLAMA) VALUES (0, 12, 'BORC_KOD_LENGTH', '8', 'Kod Uzunluðu (Karakter Cinsinden)', 1);
INSERT INTO PARAMETERS (SUBE_ID, MODUL_ID, PARAM_NAME, DEGER, PARAM_ACK, KODLAMA) VALUES (0, 12, 'BORC_PRE_KOD', 'BC', 'Kod Baþlýðý Ör: Cari Modulu için "CR" örnek Kod "CR01000011"', 1);
INSERT INTO PARAMETERS (SUBE_ID, MODUL_ID, PARAM_NAME, DEGER, PARAM_ACK, KODLAMA) VALUES (0, 13, 'ALACAK_PRE_KOD', 'AS', 'Kod Baþlýðý Ör: Cari Modulu için "CR" örnek Kod "CR01000011"', 1);
INSERT INTO PARAMETERS (SUBE_ID, MODUL_ID, PARAM_NAME, DEGER, PARAM_ACK, KODLAMA) VALUES (0, 13, 'AL_KOD_LENGTH', '10', 'Kod Uzunluðu (Karakter Cinsinden)', 1);
INSERT INTO PARAMETERS (SUBE_ID, MODUL_ID, PARAM_NAME, DEGER, PARAM_ACK, KODLAMA) VALUES (0, 13, 'BORC_KOD_LENGTH', '8', 'Kod Uzunluðu (Karakter Cinsinden)', 1);
INSERT INTO PARAMETERS (SUBE_ID, MODUL_ID, PARAM_NAME, DEGER, PARAM_ACK, KODLAMA) VALUES (0, 13, 'BORC_PRE_KOD', 'BS', 'Kod Baþlýðý Ör: Cari Modulu için "CR" örnek Kod "CR01000011"', 1);
INSERT INTO PARAMETERS (SUBE_ID, MODUL_ID, PARAM_NAME, DEGER, PARAM_ACK, KODLAMA) VALUES (0, 14, 'KASA_KISIT_UYG', '1', 'Çalýþýlan þirkette kasalarýn kullanýcý bazýnda kýsýtlý olup olmadýgýný belirtir.  Kasalar kýsýtlý ise kullanýcý tanýmlama bölümünde kullanýcýlara kasa kýsýtlamalarý yapýlmalýdýr.', 0);
INSERT INTO PARAMETERS (SUBE_ID, MODUL_ID, PARAM_NAME, DEGER, PARAM_ACK, KODLAMA) VALUES (0, 14, 'KOD_LENGTH', '7', 'Kod Uzunluðu (Karakter Cinsinden)', 1);
INSERT INTO PARAMETERS (SUBE_ID, MODUL_ID, PARAM_NAME, DEGER, PARAM_ACK, KODLAMA) VALUES (0, 14, 'PRE_KOD', 'KS', 'Kod Baþlýðý Ör: Cari Modulu için "CR" örnek Kod "CR01000011"', 1);
INSERT INTO PARAMETERS (SUBE_ID, MODUL_ID, PARAM_NAME, DEGER, PARAM_ACK, KODLAMA) VALUES (0, 15, 'KOD_LENGTH', '8', 'Kod Uzunluðu (Karakter Cinsinden)', 1);
INSERT INTO PARAMETERS (SUBE_ID, MODUL_ID, PARAM_NAME, DEGER, PARAM_ACK, KODLAMA) VALUES (0, 15, 'PRE_KOD', 'SDK', 'Kod Baþlýðý Ör: Cari Modulu için "CR" örnek Kod "CR01000011"', 1);
INSERT INTO PARAMETERS (SUBE_ID, MODUL_ID, PARAM_NAME, DEGER, PARAM_ACK, KODLAMA) VALUES (0, 15, 'SDK_BAKIYE', '1', 'BAKIYE VEREN DEKONTTAN ÇIKILMASIN 1   ÇIKILMASINA ÝZÝN VERMEK ÝSTÝYORSANIZ 0', 0);
INSERT INTO PARAMETERS (SUBE_ID, MODUL_ID, PARAM_NAME, DEGER, PARAM_ACK, KODLAMA) VALUES (0, 16, 'FAT_SERI', 'C', NULL, 0);
INSERT INTO PARAMETERS (SUBE_ID, MODUL_ID, PARAM_NAME, DEGER, PARAM_ACK, KODLAMA) VALUES (0, 16, 'KOD_LENGTH', '8', 'Kod Uzunluðu (Karakter Cinsinden)', 1);
INSERT INTO PARAMETERS (SUBE_ID, MODUL_ID, PARAM_NAME, DEGER, PARAM_ACK, KODLAMA) VALUES (0, 16, 'SATIS_PRE_KOD', 'SF', NULL, 1);
INSERT INTO PARAMETERS (SUBE_ID, MODUL_ID, PARAM_NAME, DEGER, PARAM_ACK, KODLAMA) VALUES (0, 19, 'MUH_ENTEGRE', '0', 'MUHASEBE ENTEGRE MI EVET 1 HAYIR 0', 0);
INSERT INTO PARAMETERS (SUBE_ID, MODUL_ID, PARAM_NAME, DEGER, PARAM_ACK, KODLAMA) VALUES (0, 19, 'MUH_FIS_FARK', '1', 'YEVMIYE FIÞI GIRIÞINDE BAKIYE VEREN FIÞTEN ÇIKILMASIN  1:EVET ÇIKILMASIN 0:HAYIR ÇIKILSIN', 0);
INSERT INTO PARAMETERS (SUBE_ID, MODUL_ID, PARAM_NAME, DEGER, PARAM_ACK, KODLAMA) VALUES (0, 19, 'MUH_GRP_ADET', '2', 'MUHASBEDE GRUP ADEDÝ ÖRNEÐÝN: 100.01.001 GA = 1 , 100.02.01.001 GA = 2 GÝBÝ', 0);
INSERT INTO PARAMETERS (SUBE_ID, MODUL_ID, PARAM_NAME, DEGER, PARAM_ACK, KODLAMA) VALUES (0, 19, 'MUH_KOD_ANA_KS', '3', 'MUHASEBE KODU ANA HESAP KARAKTER SAYISI DEFAULT 3', 0);
INSERT INTO PARAMETERS (SUBE_ID, MODUL_ID, PARAM_NAME, DEGER, PARAM_ACK, KODLAMA) VALUES (0, 19, 'MUH_KOD_AYRAC', '-', 'MUHASEBE KODU AYRACI DEFAULT "."', 0);
INSERT INTO PARAMETERS (SUBE_ID, MODUL_ID, PARAM_NAME, DEGER, PARAM_ACK, KODLAMA) VALUES (0, 19, 'MUH_KOD_GRP_KS', '2', 'MUHASEBE KODU GRUPLAMA HESAP KARAKTER SAYISI DEFAULT 3', 0);
INSERT INTO PARAMETERS (SUBE_ID, MODUL_ID, PARAM_NAME, DEGER, PARAM_ACK, KODLAMA) VALUES (0, 19, 'MUH_KOD_MVN_KS', '3', 'MUHASEBE KODU MUAVIN HESAP KARAKTER SAYISI DEFAULT 3', 0);
INSERT INTO PARAMETERS (SUBE_ID, MODUL_ID, PARAM_NAME, DEGER, PARAM_ACK, KODLAMA) VALUES (0, 19, 'MUH_MIK_TAKIP', '1', 'MUHASEBE DE MIKTAR TAKIBI YAPILACAK MI   EVET    1  HAYIR   0', 0);
INSERT INTO PARAMETERS (SUBE_ID, MODUL_ID, PARAM_NAME, DEGER, PARAM_ACK, KODLAMA) VALUES (0, 19, 'YEV_NUM_SON_TAR', '20060712', 'YEVMÝYE NUMARASI VERME ÝÞLEMÝ YAPILAN SON TARÝH', 0);
INSERT INTO PARAMETERS (SUBE_ID, MODUL_ID, PARAM_NAME, DEGER, PARAM_ACK, KODLAMA) VALUES (0, 19, 'YEV_STAR_KILIT', '1', 'YEVMÝYE NUMARASI VERME ÝÞLEMÝ YAPILDIKTAN SONRA SON TARÝH "EN_GER_KAY_TAR"  PARAMETRESÝNE AKTARILSIN MI ?', 0);
INSERT INTO PARAMETERS (SUBE_ID, MODUL_ID, PARAM_NAME, DEGER, PARAM_ACK, KODLAMA) VALUES (0, 20, 'ENT_KAY_DONUSTU', '1', 'ENTEGRASYON KAYDI ÝLE OLUÞTURULMUÞ BÝR FÝÞ SÝLÝNDÝÐÝNDE SÝLÝNEN KAYITLAR ENTEGRASYONA GERÝ DÖNSÜN MÜ?', 0);
INSERT INTO PARAMETERS (SUBE_ID, MODUL_ID, PARAM_NAME, DEGER, PARAM_ACK, KODLAMA) VALUES (0, 20, 'KASA_AYIR', '1', 'ENTEGRASYON SIRASINDA HER KASA ICIN AYRI MUHASEBE FISI OLUÞTUR', 0);
INSERT INTO PARAMETERS (SUBE_ID, MODUL_ID, PARAM_NAME, DEGER, PARAM_ACK, KODLAMA) VALUES (0, 20, 'MUAVIN_KULLAN', '1', 'TANIMLAMA VE HAREKETLERDE MUHASEBE HESAP PLANINDAN SADECE MUAVIN OLAN KAYITLAR SEÇÝLEBÝLSÝN', 0);
INSERT INTO PARAMETERS (SUBE_ID, MODUL_ID, PARAM_NAME, DEGER, PARAM_ACK, KODLAMA) VALUES (0, 21, 'KOD_LENGTH', '7', 'MASRAF KODUNUN UZUNLUÐU', 1);
INSERT INTO PARAMETERS (SUBE_ID, MODUL_ID, PARAM_NAME, DEGER, PARAM_ACK, KODLAMA) VALUES (0, 21, 'M_GP_KOD_LENGTH', '9', 'MASRAF GRUP KODUNUN UZUNLUÐU', 1);
INSERT INTO PARAMETERS (SUBE_ID, MODUL_ID, PARAM_NAME, DEGER, PARAM_ACK, KODLAMA) VALUES (0, 21, 'M_GP_PRE_KOD', 'MGRP', '', 1);
INSERT INTO PARAMETERS (SUBE_ID, MODUL_ID, PARAM_NAME, DEGER, PARAM_ACK, KODLAMA) VALUES (0, 21, 'PRE_KOD', 'MS', 'Kod Baþlýðý Ör: Cari Modulu için "CR" örnek Kod "CR01000011"', 1);
INSERT INTO PARAMETERS (SUBE_ID, MODUL_ID, PARAM_NAME, DEGER, PARAM_ACK, KODLAMA) VALUES (0, 22, 'LOG_ENABLE', '1', 'LOGLAMA YAPILSIN MI  1 EVET 0 HAYIR', 0);
INSERT INTO PARAMETERS (SUBE_ID, MODUL_ID, PARAM_NAME, DEGER, PARAM_ACK, KODLAMA) VALUES (0, 23, 'KOD_LENGTH', '6', NULL, 1);
INSERT INTO PARAMETERS (SUBE_ID, MODUL_ID, PARAM_NAME, DEGER, PARAM_ACK, KODLAMA) VALUES (0, 23, 'LOG_ENABLE', '1', NULL, 1);
INSERT INTO PARAMETERS (SUBE_ID, MODUL_ID, PARAM_NAME, DEGER, PARAM_ACK, KODLAMA) VALUES (0, 23, 'PRE_KOD', 'MSP', NULL, 1);
INSERT INTO PARAMETERS (SUBE_ID, MODUL_ID, PARAM_NAME, DEGER, PARAM_ACK, KODLAMA) VALUES (0, 23, 'SIP_SERI', 'A', NULL, 1);
INSERT INTO PARAMETERS (SUBE_ID, MODUL_ID, PARAM_NAME, DEGER, PARAM_ACK, KODLAMA) VALUES (0, 24, 'KOD_LENGTH', '6', NULL, 1);
INSERT INTO PARAMETERS (SUBE_ID, MODUL_ID, PARAM_NAME, DEGER, PARAM_ACK, KODLAMA) VALUES (0, 24, 'LOG_ENABLE', '1', NULL, 1);
INSERT INTO PARAMETERS (SUBE_ID, MODUL_ID, PARAM_NAME, DEGER, PARAM_ACK, KODLAMA) VALUES (0, 24, 'PRE_KOD', 'SSP', NULL, 1);
INSERT INTO PARAMETERS (SUBE_ID, MODUL_ID, PARAM_NAME, DEGER, PARAM_ACK, KODLAMA) VALUES (0, 25, 'KOD_LENGTH', '9', NULL, 1);
INSERT INTO PARAMETERS (SUBE_ID, MODUL_ID, PARAM_NAME, DEGER, PARAM_ACK, KODLAMA) VALUES (0, 25, 'LOG_ENABLE', '1', NULL, 1);
INSERT INTO PARAMETERS (SUBE_ID, MODUL_ID, PARAM_NAME, DEGER, PARAM_ACK, KODLAMA) VALUES (0, 25, 'PRE_KOD', 'MAK', '', 1);
INSERT INTO PARAMETERS (SUBE_ID, MODUL_ID, PARAM_NAME, DEGER, PARAM_ACK, KODLAMA) VALUES (0, 26, 'KOD_LENGTH', '9', NULL, 1);
INSERT INTO PARAMETERS (SUBE_ID, MODUL_ID, PARAM_NAME, DEGER, PARAM_ACK, KODLAMA) VALUES (0, 26, 'LOG_ENABLE', '1', NULL, 1);
INSERT INTO PARAMETERS (SUBE_ID, MODUL_ID, PARAM_NAME, DEGER, PARAM_ACK, KODLAMA) VALUES (0, 26, 'PRE_KOD', 'RCT', NULL, 1);
INSERT INTO PARAMETERS (SUBE_ID, MODUL_ID, PARAM_NAME, DEGER, PARAM_ACK, KODLAMA) VALUES (0, 27, 'KOD_LENGTH', '11', NULL, 1);
INSERT INTO PARAMETERS (SUBE_ID, MODUL_ID, PARAM_NAME, DEGER, PARAM_ACK, KODLAMA) VALUES (0, 27, 'LOG_ENABLE', '1', NULL, 1);
INSERT INTO PARAMETERS (SUBE_ID, MODUL_ID, PARAM_NAME, DEGER, PARAM_ACK, KODLAMA) VALUES (0, 27, 'PRE_KOD', 'ISEMR', NULL, 1);
INSERT INTO PARAMETERS (SUBE_ID, MODUL_ID, PARAM_NAME, DEGER, PARAM_ACK, KODLAMA) VALUES (0, 28, 'EKSI_BAKIYE_DUR', '0', '1-0', 0);
INSERT INTO PARAMETERS (SUBE_ID, MODUL_ID, PARAM_NAME, DEGER, PARAM_ACK, KODLAMA) VALUES (0, 28, 'ISEMRI_ZORUNLU', '1', NULL, 0);
INSERT INTO PARAMETERS (SUBE_ID, MODUL_ID, PARAM_NAME, DEGER, PARAM_ACK, KODLAMA) VALUES (0, 28, 'KOD_LENGTH', '9', NULL, 1);
INSERT INTO PARAMETERS (SUBE_ID, MODUL_ID, PARAM_NAME, DEGER, PARAM_ACK, KODLAMA) VALUES (0, 28, 'LOG_ENABLE', '1', NULL, 1);
INSERT INTO PARAMETERS (SUBE_ID, MODUL_ID, PARAM_NAME, DEGER, PARAM_ACK, KODLAMA) VALUES (0, 28, 'OTOMATIK_RECETE', '1', 'otomatik reçete 1 kalan bakiyeye gör iþlem yap 0 direk hammadden üret', 0);
INSERT INTO PARAMETERS (SUBE_ID, MODUL_ID, PARAM_NAME, DEGER, PARAM_ACK, KODLAMA) VALUES (0, 28, 'PRE_KOD', 'URT', NULL, 1);
INSERT INTO PARAMETERS (SUBE_ID, MODUL_ID, PARAM_NAME, DEGER, PARAM_ACK, KODLAMA) VALUES (0, 29, 'EKSI_BAKIYE_DUR', '0', NULL, 0);
INSERT INTO PARAMETERS (SUBE_ID, MODUL_ID, PARAM_NAME, DEGER, PARAM_ACK, KODLAMA) VALUES (0, 29, 'ISEMRI_ZORUNLU', '0', NULL, 0);
INSERT INTO PARAMETERS (SUBE_ID, MODUL_ID, PARAM_NAME, DEGER, PARAM_ACK, KODLAMA) VALUES (0, 29, 'KOD_LENGTH', '10', NULL, 1);
INSERT INTO PARAMETERS (SUBE_ID, MODUL_ID, PARAM_NAME, DEGER, PARAM_ACK, KODLAMA) VALUES (0, 29, 'LOG_ENABLE', '1', NULL, 1);
INSERT INTO PARAMETERS (SUBE_ID, MODUL_ID, PARAM_NAME, DEGER, PARAM_ACK, KODLAMA) VALUES (0, 29, 'OTOMATIK_RECET', '1', NULL, 0);
INSERT INTO PARAMETERS (SUBE_ID, MODUL_ID, PARAM_NAME, DEGER, PARAM_ACK, KODLAMA) VALUES (0, 29, 'PRE_KOD', 'SURT', NULL, 1);
INSERT INTO PARAMETERS (SUBE_ID, MODUL_ID, PARAM_NAME, DEGER, PARAM_ACK, KODLAMA) VALUES (0, 30, 'KOD_LENGTH', '9', NULL, 1);
INSERT INTO PARAMETERS (SUBE_ID, MODUL_ID, PARAM_NAME, DEGER, PARAM_ACK, KODLAMA) VALUES (0, 30, 'LOG_ENABLE', '1', NULL, 1);
INSERT INTO PARAMETERS (SUBE_ID, MODUL_ID, PARAM_NAME, DEGER, PARAM_ACK, KODLAMA) VALUES (0, 30, 'PRE_KOD', 'OPE', NULL, 1);
INSERT INTO PARAMETERS (SUBE_ID, MODUL_ID, PARAM_NAME, DEGER, PARAM_ACK, KODLAMA) VALUES (0, 31, 'KOD_LENGTH', '9', NULL, 1);
INSERT INTO PARAMETERS (SUBE_ID, MODUL_ID, PARAM_NAME, DEGER, PARAM_ACK, KODLAMA) VALUES (0, 31, 'LOG_ENABLE', '1', NULL, 1);
INSERT INTO PARAMETERS (SUBE_ID, MODUL_ID, PARAM_NAME, DEGER, PARAM_ACK, KODLAMA) VALUES (0, 31, 'PRE_KOD', 'KNT', NULL, 1);
INSERT INTO PARAMETERS (SUBE_ID, MODUL_ID, PARAM_NAME, DEGER, PARAM_ACK, KODLAMA) VALUES (0, 33, 'KOD_LENGTH', '9', NULL, 1);
INSERT INTO PARAMETERS (SUBE_ID, MODUL_ID, PARAM_NAME, DEGER, PARAM_ACK, KODLAMA) VALUES (0, 33, 'LOG_ENABLE', '1', NULL, 0);
INSERT INTO PARAMETERS (SUBE_ID, MODUL_ID, PARAM_NAME, DEGER, PARAM_ACK, KODLAMA) VALUES (0, 33, 'PRE_KOD', 'PKT', NULL, 1);
INSERT INTO PARAMETERS (SUBE_ID, MODUL_ID, PARAM_NAME, DEGER, PARAM_ACK, KODLAMA) VALUES (0, 34, 'KOD_LENGTH', '9', NULL, 1);
INSERT INTO PARAMETERS (SUBE_ID, MODUL_ID, PARAM_NAME, DEGER, PARAM_ACK, KODLAMA) VALUES (0, 34, 'LOG_ENABLE', '1', NULL, 1);
INSERT INTO PARAMETERS (SUBE_ID, MODUL_ID, PARAM_NAME, DEGER, PARAM_ACK, KODLAMA) VALUES (0, 34, 'PRE_KOD', 'ARC', NULL, 1);
INSERT INTO PARAMETERS (SUBE_ID, MODUL_ID, PARAM_NAME, DEGER, PARAM_ACK, KODLAMA) VALUES (0, 35, 'KOD_LENGTH', '9', NULL, 1);
INSERT INTO PARAMETERS (SUBE_ID, MODUL_ID, PARAM_NAME, DEGER, PARAM_ACK, KODLAMA) VALUES (0, 35, 'LOG_ENABLE', '1', NULL, 1);
INSERT INTO PARAMETERS (SUBE_ID, MODUL_ID, PARAM_NAME, DEGER, PARAM_ACK, KODLAMA) VALUES (0, 35, 'PRE_KOD', 'PER', NULL, 1);
INSERT INTO PARAMETERS (SUBE_ID, MODUL_ID, PARAM_NAME, DEGER, PARAM_ACK, KODLAMA) VALUES (0, 45, 'LOG_ENABLE', '1', NULL, 1);
INSERT INTO PARAMETERS (SUBE_ID, MODUL_ID, PARAM_NAME, DEGER, PARAM_ACK, KODLAMA) VALUES (0, 46, 'KOD_LENGTH', '9', NULL, 1);
INSERT INTO PARAMETERS (SUBE_ID, MODUL_ID, PARAM_NAME, DEGER, PARAM_ACK, KODLAMA) VALUES (0, 46, 'LOG_ENABLE', '1', NULL, 1);
INSERT INTO PARAMETERS (SUBE_ID, MODUL_ID, PARAM_NAME, DEGER, PARAM_ACK, KODLAMA) VALUES (0, 46, 'PRE_KOD', 'SOF', NULL, 1);
INSERT INTO PARAMETERS (SUBE_ID, MODUL_ID, PARAM_NAME, DEGER, PARAM_ACK, KODLAMA) VALUES (0, 60, 'KOD_LENGTH', '9', NULL, 1);
INSERT INTO PARAMETERS (SUBE_ID, MODUL_ID, PARAM_NAME, DEGER, PARAM_ACK, KODLAMA) VALUES (0, 60, 'LOG_ENABLE', '1', NULL, 1);
INSERT INTO PARAMETERS (SUBE_ID, MODUL_ID, PARAM_NAME, DEGER, PARAM_ACK, KODLAMA) VALUES (0, 60, 'PRE_KOD', 'BAY', NULL, 1);
INSERT INTO PARAMETERS (SUBE_ID, MODUL_ID, PARAM_NAME, DEGER, PARAM_ACK, KODLAMA) VALUES (0, 61, 'KOD_LENGTH', '9', NULL, 1);
INSERT INTO PARAMETERS (SUBE_ID, MODUL_ID, PARAM_NAME, DEGER, PARAM_ACK, KODLAMA) VALUES (0, 61, 'LOG_ENABLE', '1', NULL, 1);
INSERT INTO PARAMETERS (SUBE_ID, MODUL_ID, PARAM_NAME, DEGER, PARAM_ACK, KODLAMA) VALUES (0, 61, 'PRE_KOD', 'SIG', NULL, 1);
INSERT INTO PARAMETERS (SUBE_ID, MODUL_ID, PARAM_NAME, DEGER, PARAM_ACK, KODLAMA) VALUES (0, 62, 'KOD_LENGTH', '9', NULL, 1);
INSERT INTO PARAMETERS (SUBE_ID, MODUL_ID, PARAM_NAME, DEGER, PARAM_ACK, KODLAMA) VALUES (0, 62, 'LOG_ENABLE', '1', NULL, 1);
INSERT INTO PARAMETERS (SUBE_ID, MODUL_ID, PARAM_NAME, DEGER, PARAM_ACK, KODLAMA) VALUES (0, 62, 'PRE_KOD', 'ARZ', NULL, 1);
INSERT INTO PARAMETERS (SUBE_ID, MODUL_ID, PARAM_NAME, DEGER, PARAM_ACK, KODLAMA) VALUES (0, 63, 'KOD_LENGTH', '9', NULL, 1);
INSERT INTO PARAMETERS (SUBE_ID, MODUL_ID, PARAM_NAME, DEGER, PARAM_ACK, KODLAMA) VALUES (0, 63, 'LOG_ENABLE', '1', NULL, 1);
INSERT INTO PARAMETERS (SUBE_ID, MODUL_ID, PARAM_NAME, DEGER, PARAM_ACK, KODLAMA) VALUES (0, 63, 'PRE_KOD', 'MRK', NULL, 1);
INSERT INTO PARAMETERS (SUBE_ID, MODUL_ID, PARAM_NAME, DEGER, PARAM_ACK, KODLAMA) VALUES (0, 64, 'KOD_LENGTH', '9', NULL, 1);
INSERT INTO PARAMETERS (SUBE_ID, MODUL_ID, PARAM_NAME, DEGER, PARAM_ACK, KODLAMA) VALUES (0, 64, 'LOG_ENABLE', '1', NULL, 1);
INSERT INTO PARAMETERS (SUBE_ID, MODUL_ID, PARAM_NAME, DEGER, PARAM_ACK, KODLAMA) VALUES (0, 64, 'PRE_KOD', 'ARC', NULL, 1);
INSERT INTO PARAMETERS (SUBE_ID, MODUL_ID, PARAM_NAME, DEGER, PARAM_ACK, KODLAMA) VALUES (0, 65, 'KOD_LENGTH', '9', NULL, 1);
INSERT INTO PARAMETERS (SUBE_ID, MODUL_ID, PARAM_NAME, DEGER, PARAM_ACK, KODLAMA) VALUES (0, 65, 'LOG_ENABLE', '1', NULL, 1);
INSERT INTO PARAMETERS (SUBE_ID, MODUL_ID, PARAM_NAME, DEGER, PARAM_ACK, KODLAMA) VALUES (0, 65, 'PRE_KOD', 'ONR', NULL, 1);
INSERT INTO PARAMETERS (SUBE_ID, MODUL_ID, PARAM_NAME, DEGER, PARAM_ACK, KODLAMA) VALUES (0, 66, 'KOD_LENGTH', '9', NULL, 1);
INSERT INTO PARAMETERS (SUBE_ID, MODUL_ID, PARAM_NAME, DEGER, PARAM_ACK, KODLAMA) VALUES (0, 66, 'LOG_ENABLE', '1', NULL, 1);
INSERT INTO PARAMETERS (SUBE_ID, MODUL_ID, PARAM_NAME, DEGER, PARAM_ACK, KODLAMA) VALUES (0, 66, 'PRE_KOD', 'GND', NULL, 1);
INSERT INTO PARAMETERS (SUBE_ID, MODUL_ID, PARAM_NAME, DEGER, PARAM_ACK, KODLAMA) VALUES (1, 16, 'FAT_SERI', 'a', '', 1);
INSERT INTO PARAMETERS (SUBE_ID, MODUL_ID, PARAM_NAME, DEGER, PARAM_ACK, KODLAMA) VALUES (1, 18, 'IRS_SERI', 's', '', 1);
INSERT INTO PARAMETERS (SUBE_ID, MODUL_ID, PARAM_NAME, DEGER, PARAM_ACK, KODLAMA) VALUES (4, 16, 'FAT_SERI', '', '', 1);
INSERT INTO PARAMETERS (SUBE_ID, MODUL_ID, PARAM_NAME, DEGER, PARAM_ACK, KODLAMA) VALUES (4, 18, 'IRS_SERI', '', '', 1);

COMMIT WORK;
COMMIT WORK;

COMMIT WORK;

INSERT INTO OLCUTIP (OLCU_TIP, ACK) VALUES ('UZUNLUK', NULL);
INSERT INTO OLCUTIP (OLCU_TIP, ACK) VALUES ('AÐIRLIK', NULL);
INSERT INTO OLCUTIP (OLCU_TIP, ACK) VALUES ('ADET', NULL);

COMMIT WORK;

INSERT INTO OLCUBIR (OLCUBIRIM, OLCU_TIP, DEGERTODOM, DOMINANT) VALUES ('MÝLÝMETRE', 'UZUNLUK', 1, 1);
INSERT INTO OLCUBIR (OLCUBIRIM, OLCU_TIP, DEGERTODOM, DOMINANT) VALUES ('KÝLO', 'AÐIRLIK', 1, 1);
INSERT INTO OLCUBIR (OLCUBIRIM, OLCU_TIP, DEGERTODOM, DOMINANT) VALUES ('METRE', 'UZUNLUK', 100, 0);
INSERT INTO OLCUBIR (OLCUBIRIM, OLCU_TIP, DEGERTODOM, DOMINANT) VALUES ('TON', 'AÐIRLIK', 1000, 0);
INSERT INTO OLCUBIR (OLCUBIRIM, OLCU_TIP, DEGERTODOM, DOMINANT) VALUES ('ADET', 'ADET', 1, 1);
INSERT INTO OLCUBIR (OLCUBIRIM, OLCU_TIP, DEGERTODOM, DOMINANT) VALUES ('KOLÝ 50', 'ADET', 50, 0);
INSERT INTO OLCUBIR (OLCUBIRIM, OLCU_TIP, DEGERTODOM, DOMINANT) VALUES ('KOLÝ 100', 'ADET', 100, 0);
INSERT INTO OLCUBIR (OLCUBIRIM, OLCU_TIP, DEGERTODOM, DOMINANT) VALUES ('DÜZÝNE', 'ADET', 12, 0);


COMMIT WORK;

INSERT INTO FAT_PARAMS (FAT_PARAMS_ID, EK_ACK_KUL, ACK_30K_1_CAP, ACK_30K_2_CAP, ACK_30K_3_CAP, ACK_50K_1_CAP, ACK_50K_2_CAP, ACK_50K_3_CAP, ACK_50K_4_CAP, ACK_50K_5_CAP, ACK_100K_1_CAP, ACK_100K_2_CAP, ACK_100K_3_CAP, ACK_100K_4_CAP, ACK_100K_5_CAP, ACK_30K_1_KUL, ACK_30K_2_KUL, ACK_30K_3_KUL, ACK_50K_1_KUL, ACK_50K_2_KUL, ACK_50K_3_KUL, ACK_50K_4_KUL, ACK_50K_5_KUL, ACK_100K_1_KUL, ACK_100K_2_KUL, ACK_100K_3_KUL, ACK_100K_4_KUL, ACK_100K_5_KUL, KAL_BAZ_ISK) VALUES (1, 0, 'Acýklma (30) 1', 'Acýklma (30) 2', 'Acýklma (30) 3', 'Acýklma (50) 1', 'Acýklma (50) 2', 'Acýklma (50) 3', 'Acýklma (50) 4', 'Acýklma (50) 5', 'Acýklma (50) 5', 'Acýklma (100) 2', 'Acýklma (100) 3', 'Acýklma (100) 4', 'Acýklma (100) 5', 1, 0, 0, 1, 1, 1, 0, 0, 1, 0, 0, 0, 0, 0);
INSERT INTO FAT_PARAMS (FAT_PARAMS_ID, EK_ACK_KUL, ACK_30K_1_CAP, ACK_30K_2_CAP, ACK_30K_3_CAP, ACK_50K_1_CAP, ACK_50K_2_CAP, ACK_50K_3_CAP, ACK_50K_4_CAP, ACK_50K_5_CAP, ACK_100K_1_CAP, ACK_100K_2_CAP, ACK_100K_3_CAP, ACK_100K_4_CAP, ACK_100K_5_CAP, ACK_30K_1_KUL, ACK_30K_2_KUL, ACK_30K_3_KUL, ACK_50K_1_KUL, ACK_50K_2_KUL, ACK_50K_3_KUL, ACK_50K_4_KUL, ACK_50K_5_KUL, ACK_100K_1_KUL, ACK_100K_2_KUL, ACK_100K_3_KUL, ACK_100K_4_KUL, ACK_100K_5_KUL, KAL_BAZ_ISK) VALUES (2, 1, NULL, NULL, NULL, NULL, NULL, NULL, NULL, NULL, NULL, NULL, NULL, NULL, NULL, 0, 0, 0, 0, 0, 0, 0, 0, 0, 0, 0, 0, 0, 0);

COMMIT WORK;


COMMIT WORK;

INSERT INTO RAP_KOD_PARAMS (BELGE, MASRAF_MERK, KOD1, KOD2, KOD3, KOD4, ACIKLAMA) VALUES ('CEKSEN', 0, 0, 0, 0, 0, 'Çek Senet Modulleri ve Hareket fiþleri');
INSERT INTO RAP_KOD_PARAMS (BELGE, MASRAF_MERK, KOD1, KOD2, KOD3, KOD4, ACIKLAMA) VALUES ('DEKONT', 0, 0, 0, 0, 0, 'Dekontlar');
INSERT INTO RAP_KOD_PARAMS (BELGE, MASRAF_MERK, KOD1, KOD2, KOD3, KOD4, ACIKLAMA) VALUES ('FAT', 0, 0, 0, 0, 0, 'Fatura Ýrsaliye Sipariþ Modulleri');
INSERT INTO RAP_KOD_PARAMS (BELGE, MASRAF_MERK, KOD1, KOD2, KOD3, KOD4, ACIKLAMA) VALUES ('KASA', 0, 0, 0, 0, 0, 'Kasa Hareket Fiþleri');
INSERT INTO RAP_KOD_PARAMS (BELGE, MASRAF_MERK, KOD1, KOD2, KOD3, KOD4, ACIKLAMA) VALUES ('SEFER', 0, 0, 0, 0, 0, 'Sefer Hareketleri');
INSERT INTO RAP_KOD_PARAMS (BELGE, MASRAF_MERK, KOD1, KOD2, KOD3, KOD4, ACIKLAMA) VALUES ('MAZOT', 0, 0, 0, 0, 0, 'Mazot Hareketleri');
INSERT INTO RAP_KOD_PARAMS (BELGE, MASRAF_MERK, KOD1, KOD2, KOD3, KOD4, ACIKLAMA) VALUES ('KOMISYON', 0, 0, 0, 0, 0, 'Komisyon');
INSERT INTO RAP_KOD_PARAMS (BELGE, MASRAF_MERK, KOD1, KOD2, KOD3, KOD4, ACIKLAMA) VALUES ('ONR', 0, 0, 0, 0, 0, 'Onarým Fiþi');
INSERT INTO RAP_KOD_PARAMS (BELGE, MASRAF_MERK, KOD1, KOD2, KOD3, KOD4, ACIKLAMA) VALUES ('ARACHAR', 0, 0, 0, 0, 0, 'Araç Masraf');


COMMIT WORK;


/*
INSERT INTO URUN (URUN_KOD, URUN_SID, URUN_AD, URUN_AD_YD, TIP, ASGARIMIK, AZAMIMIK, SIPMIKTAR, DEPOSURE, OLCU_TIP, OLCUBIRIM, DEPO_KOD, KOMPLEX, BORC, ALACAK, BORC_VPB, ALACAK_VPB, MIKTAR_BORC, MIKTAR_ALACAK, D_BARCODE, UBARCODE, HIZMET, KDV, DOVKOD, BIRIMFIY, SATISFIY, GTIPNO, KARMARJ, KDV_DAHIL, DEV_BORC, DEV_ALACAK, DEV_BORC_VPB, DEV_ALACAK_VPB, DEV_MIK_BORC, DEV_MIK_ALACAK, URUN_TIP) VALUES ('URN0100001', 1, 'NAKLÝYAT HÝZMET BEDELÝ', NULL, 0, 0, 0, 0, NULL, 'ADET', 'ADET', '', 0, 0, -100, 0, -100, 0, -1, NULL, NULL, 1, 18, 'YTL', 0, 0, NULL, 0, 1, 0, 0, 0, 0, 0, 0, 'M');
INSERT INTO URUN (URUN_KOD, URUN_SID, URUN_AD, URUN_AD_YD, TIP, ASGARIMIK, AZAMIMIK, SIPMIKTAR, DEPOSURE, OLCU_TIP, OLCUBIRIM, DEPO_KOD, KOMPLEX, BORC, ALACAK, BORC_VPB, ALACAK_VPB, MIKTAR_BORC, MIKTAR_ALACAK, D_BARCODE, UBARCODE, HIZMET, KDV, DOVKOD, BIRIMFIY, SATISFIY, GTIPNO, KARMARJ, KDV_DAHIL, DEV_BORC, DEV_ALACAK, DEV_BORC_VPB, DEV_ALACAK_VPB, DEV_MIK_BORC, DEV_MIK_ALACAK, URUN_TIP) VALUES ('URN0100002', 1, 'NAKLÝYAT BEKLEME FATURASI HÝZMET BEDELÝ', NULL, 0, 0, 0, 0, NULL, 'ADET', 'ADET', '', 0, 0, 0, 0, 0, 0, 0, NULL, NULL, 1, 18, 'YTL', 0, 0, NULL, 0, 1, 0, 0, 0, 0, 0, 0, 'M');
INSERT INTO URUN (URUN_KOD, URUN_SID, URUN_AD, URUN_AD_YD, TIP, ASGARIMIK, AZAMIMIK, SIPMIKTAR, DEPOSURE, OLCU_TIP, OLCUBIRIM, DEPO_KOD, KOMPLEX, BORC, ALACAK, BORC_VPB, ALACAK_VPB, MIKTAR_BORC, MIKTAR_ALACAK, D_BARCODE, UBARCODE, HIZMET, KDV, DOVKOD, BIRIMFIY, SATISFIY, GTIPNO, KARMARJ, KDV_DAHIL, DEV_BORC, DEV_ALACAK, DEV_BORC_VPB, DEV_ALACAK_VPB, DEV_MIK_BORC, DEV_MIK_ALACAK, URUN_TIP) VALUES ('URN0100003', 1, 'MAZOT ALIMI', NULL, 0, 0, 0, 0, NULL, 'AÐIRLIK', 'KÝLO', '', 0, 0, 0, 0, 0, 0, 0, NULL, NULL, 1, 18, 'YTL', 0, 0, NULL, 0, 1, 0, 0, 0, 0, 0, 0, 'M');
*/
COMMIT WORK;

INSERT INTO CARI (CARI_KOD, CARI_SID, CARI_AD, YETKISI, VERDAIRE, VERNO, ADRES_1, ADRES_2, ILCE, SEHIR, POSTA_KOD, TIP, TEL_NO_1, TEL_NO_2, FAX, E_MAIL, WEB_ADDR, KREDILMT, RISK, BORC, ALACAK, ULKE, YURTDISI, ISLEMTIP, MUHTELIF, DEVREDEN_BORC, DEVREDEN_ALACAK, DOVIZLI, DOVKOD) VALUES ('MUHTELIF', 1, 'MUHTELÝF CARÝ', 'MUHTELÝF CARÝ YETKÝLÝ', NULL, NULL, NULL, NULL, NULL, NULL, NULL, 1, NULL, NULL, NULL, NULL, 'http://', 0, 0, 0, 0, NULL, 0, 0, 1, 0, 0, 0, 'YTL');


COMMIT WORK;