<?xml version="1.0" encoding="iso-8859-1"?>
<Package Name="Jcl" Design="0">
  <Description>JEDI Code Library RTL package</Description>
  <GUID>{44DB645B-C167-410D-9334-38AF9F0C7913}</GUID>
  <C5PFlags/>
  <C6PFlags/>
  <C5Libs/>
  <C6Libs/>
  <CompilerDefines>RELEASE</CompilerDefines>
  <ImageBase>48000000</ImageBase>
  <Requires>
    <Package Name="rtl" Targets="allLibSuffix" Condition=""/>
    <Package Name="FCL" Targets="fpc" Condition=""/>
  </Requires>
  <Contains>
    <File Name="..\..\source\common\bzip2.pas" Targets="all" Formname="" Condition=""/>
    <File Name="..\..\source\common\Jcl8087.pas" Targets="all" Formname="" Condition=""/>
    <File Name="..\..\source\common\JclAnsiStrings.pas" Targets="all" Formname="" Condition=""/>
    <File Name="..\..\source\common\JclBase.pas" Targets="all" Formname="" Condition=""/>
    <File Name="..\..\source\common\JclBorlandTools.pas" Targets="all" Formname="" Condition=""/>
    <File Name="..\..\source\common\JclCharsets.pas" Targets="all" Formname="" Condition=""/>
    <File Name="..\..\source\common\JclComplex.pas" Targets="all" Formname="" Condition=""/>
    <File Name="..\..\source\common\JclCompression.pas" Targets="all" Formname="" Condition=""/>
    <File Name="..\..\source\common\JclCounter.pas" Targets="all" Formname="" Condition=""/>
    <File Name="..\..\source\common\JclDateTime.pas" Targets="all" Formname="" Condition=""/>
    <File Name="..\..\source\common\JclEDI.pas" Targets="all" Formname="" Condition=""/>
    <File Name="..\..\source\common\JclEDISEF.pas" Targets="all" Formname="" Condition=""/>
    <File Name="..\..\source\common\JclEDITranslators.pas" Targets="all" Formname="" Condition=""/>
    <File Name="..\..\source\common\JclEDIXML.pas" Targets="all" Formname="" Condition=""/>
    <File Name="..\..\source\common\JclEDI_ANSIX12.pas" Targets="all" Formname="" Condition=""/>
    <File Name="..\..\source\common\JclEDI_ANSIX12_Ext.pas" Targets="all" Formname="" Condition=""/>
    <File Name="..\..\source\common\JclEDI_UNEDIFACT.pas" Targets="all" Formname="" Condition=""/>
    <File Name="..\..\source\common\JclEDI_UNEDIFACT_Ext.pas" Targets="all" Formname="" Condition=""/>
    <File Name="..\..\source\common\JclExprEval.pas" Targets="all" Formname="" Condition=""/>
    <File Name="..\..\source\common\JclFileUtils.pas" Targets="all" Formname="" Condition=""/>
    <File Name="..\..\source\common\JclIniFiles.pas" Targets="all" Formname="" Condition=""/>
    <File Name="..\..\source\common\JclLogic.pas" Targets="all" Formname="" Condition=""/>
    <File Name="..\..\source\common\JclMath.pas" Targets="all" Formname="" Condition=""/>
    <File Name="..\..\source\common\JclMIDI.pas" Targets="all" Formname="" Condition=""/>
    <File Name="..\..\source\common\JclMime.pas" Targets="all" Formname="" Condition=""/>
    <File Name="..\..\source\common\JclNotify.pas" Targets="all" Formname="" Condition=""/>
    <File Name="..\..\source\common\JclPCRE.pas" Targets="all" Formname="" Condition=""/>
    <File Name="..\..\source\common\JclResources.pas" Targets="all" Formname="" Condition=""/>
    <File Name="..\..\source\common\JclRTTI.pas" Targets="all" Formname="" Condition=""/>
    <File Name="..\..\source\common\JclSimpleXml.pas" Targets="all" Formname="" Condition=""/>
    <File Name="..\..\source\common\JclSchedule.pas" Targets="all" Formname="" Condition=""/>
    <File Name="..\..\source\common\JclStatistics.pas" Targets="all" Formname="" Condition=""/>
    <File Name="..\..\source\common\JclStreams.pas" Targets="all" Formname="" Condition=""/>
    <File Name="..\..\source\common\JclStrHashMap.pas" Targets="all" Formname="" Condition=""/>
    <File Name="..\..\source\common\JclStringConversions.pas" Targets="all" Formname="" Condition=""/>
    <File Name="..\..\source\common\JclStringLists.pas" Targets="all" Formname="" Condition=""/>
    <File Name="..\..\source\common\JclStrings.pas" Targets="all" Formname="" Condition=""/>
    <File Name="..\..\source\common\JclSynch.pas" Targets="all" Formname="" Condition=""/>
    <File Name="..\..\source\common\JclSysInfo.pas" Targets="all" Formname="" Condition=""/>
    <File Name="..\..\source\common\JclSysUtils.pas" Targets="all" Formname="" Condition=""/>
    <File Name="..\..\source\common\JclUnicode.pas" Targets="all" Formname="" Condition=""/>
    <File Name="..\..\source\common\JclUnitConv.pas" Targets="all" Formname="" Condition=""/>
    <File Name="..\..\source\common\JclUnitVersioning.pas" Targets="all" Formname="" Condition=""/>
    <File Name="..\..\source\common\JclUnitVersioningProviders.pas" Targets="all" Formname="" Condition=""/>
    <File Name="..\..\source\common\JclValidation.pas" Targets="all" Formname="" Condition=""/>
    <File Name="..\..\source\common\JclWideStrings.pas" Targets="all" Formname="" Condition=""/>
    <File Name="..\..\source\common\pcre.pas" Targets="all" Formname="" Condition=""/>
    <File Name="..\..\source\common\zlibh.pas" Targets="all" Formname="" Condition=""/>
    <File Name="..\..\source\windows\Hardlinks.pas" Targets="Windows" Formname="" Condition=""/>
    <File Name="..\..\source\windows\JclAppInst.pas" Targets="Windows" Formname="" Condition=""/>
    <File Name="..\..\source\windows\JclCIL.pas" Targets="Windows" Formname="" Condition=""/>
    <File Name="..\..\source\windows\JclCLR.pas" Targets="Windows" Formname="" Condition=""/>
    <File Name="..\..\source\windows\JclCOM.pas" Targets="Windows" Formname="" Condition=""/>
    <File Name="..\..\source\windows\JclConsole.pas" Targets="Windows" Formname="" Condition=""/>
    <File Name="..\..\source\windows\JclDebug.pas" Targets="Windows" Formname="" Condition=""/>
    <File Name="..\..\source\windows\JclDebugSerialization.pas" Targets="Windows" Formname="" Condition=""/>
    <File Name="..\..\source\windows\JclDebugXMLDeserializer.pas" Targets="Windows" Formname="" Condition=""/>
    <File Name="..\..\source\windows\JclDebugXMLSerializer.pas" Targets="Windows" Formname="" Condition=""/>
    <File Name="..\..\source\windows\JclDotNet.pas" Targets="Pascal" Formname="" Condition=""/>
    <File Name="..\..\source\windows\JclHookExcept.pas" Targets="Windows" Formname="" Condition=""/>
    <File Name="..\..\source\windows\JclLANMan.pas" Targets="Windows" Formname="" Condition=""/>
    <File Name="..\..\source\windows\JclLocales.pas" Targets="Windows" Formname="" Condition=""/>
    <File Name="..\..\source\windows\JclMapi.pas" Targets="Delphi,BCB" Formname="" Condition=""/>
    <File Name="..\..\source\windows\JclMetadata.pas" Targets="Windows" Formname="" Condition=""/>
    <File Name="..\..\source\windows\JclMiscel.pas" Targets="Windows" Formname="" Condition=""/>
    <File Name="..\..\source\windows\JclMsdosSys.pas" Targets="Windows" Formname="" Condition=""/>
    <File Name="..\..\source\windows\JclMultimedia.pas" Targets="Windows" Formname="" Condition=""/>
    <File Name="..\..\source\windows\JclNTFS.pas" Targets="Windows" Formname="" Condition=""/>
    <File Name="..\..\source\windows\JclPeImage.pas" Targets="Windows" Formname="" Condition=""/>
    <File Name="..\..\source\windows\JclRegistry.pas" Targets="Windows" Formname="" Condition=""/>
    <File Name="..\..\source\windows\JclSecurity.pas" Targets="Windows" Formname="" Condition=""/>
    <File Name="..\..\source\windows\JclShell.pas" Targets="Windows" Formname="" Condition=""/>
    <File Name="..\..\source\windows\JclStructStorage.pas" Targets="Windows" Formname="" Condition=""/>
    <File Name="..\..\source\windows\JclSvcCtrl.pas" Targets="Windows" Formname="" Condition=""/>
    <File Name="..\..\source\windows\JclTask.pas" Targets="Windows" Formname="" Condition=""/>
    <File Name="..\..\source\windows\JclTD32.pas" Targets="Windows" Formname="" Condition=""/>
    <File Name="..\..\source\windows\JclWideFormat.pas" Targets="Delphi" Formname="" Condition=""/>
    <File Name="..\..\source\windows\JclWin32.pas" Targets="Windows" Formname="" Condition=""/>
    <File Name="..\..\source\windows\JclWin32Ex.pas" Targets="Windows" Formname="" Condition=""/>
    <File Name="..\..\source\windows\JclWinMIDI.pas" Targets="Windows" Formname="" Condition=""/>
    <File Name="..\..\source\windows\mscoree_TLB.pas" Targets="Pascal" Formname="" Condition=""/>
    <File Name="..\..\source\windows\mscorlib_TLB.pas" Targets="Pascal" Formname="" Condition=""/>
    <File Name="..\..\source\windows\MSHelpServices_TLB.pas" Targets="Windows" Formname="" Condition=""/>
    <File Name="..\..\source\windows\MSTask.pas" Targets="Windows" Formname="" Condition=""/>
    <File Name="..\..\source\windows\sevenzip.pas" Targets="Windows" Formname="" Condition=""/>
    <File Name="..\..\source\windows\Snmp.pas" Targets="Windows" Formname="" Condition=""/>
  </Contains>
</Package>
