<?xml version="1.0" encoding="iso-8859-1"?>
<Package Name="JclBaseExpert" Design="-1">
  <Description>JCL Package containing common units for JCL Experts</Description>
  <GUID>{587944EE-7D27-4950-95F5-430FFBFC465C}</GUID>
  <C5PFlags/>
  <C6PFlags>-LUdesignide</C6PFlags>
  <C5Libs/>
  <C6Libs/>
  <CompilerDefines>RELEASE</CompilerDefines>
  <ImageBase>58000000</ImageBase>
  <Requires>
    <Package Name="rtl" Targets="allLibSuffix" Condition=""/>
    <Package Name="vcl" Targets="allLibSuffix" Condition=""/>
    <Package Name="designide" Targets="allLibSuffix" Condition=""/>
    <Package Name="Jcl-R" Targets="all" Condition=""/>
  </Requires>
  <Contains>
    <File Name="..\..\experts\common\JclOtaUtils.pas" Targets="designtimeIDE" Formname="" Condition=""/>
    <File Name="..\..\experts\common\JclOtaResources.pas" Targets="designtimeIDE" Formname="" Condition=""/>
    <File Name="..\..\experts\common\JclOtaConsts.pas" Targets="designtimeIDE" Formname="" Condition=""/>
    <File Name="..\..\experts\common\JclOtaExceptionForm.pas" Targets="designtimeIDE" Formname="JclExpertExceptionForm" Condition=""/>
    <File Name="..\..\experts\common\JclOtaConfigurationForm.pas" Targets="designtimeIDE" Formname="JclOtaOptionsForm" Condition=""/>
    <File Name="..\..\experts\common\JclOtaActionConfigureSheet.pas" Targets="designtimeIDE" Formname="JclOtaActionConfigureFrame: TFrame" Condition=""/>
    <File Name="..\..\experts\common\JclOtaUnitVersioningSheet.pas" Targets="designtimeIDE" Formname="JclOtaUnitVersioningFrame: TFrame" Condition=""/>
    <File Name="..\..\experts\common\JclOtaWizardForm.pas" Targets="designtimeIDE" Formname="JclWizardForm" Condition=""/>
    <File Name="..\..\experts\common\JclOtaWizardFrame.pas" Targets="designtimeIDE" Formname="JclWizardFrame: TFrame" Condition=""/>
  </Contains>
</Package>
