<?xml version="1.0" encoding="iso-8859-1"?>
<Package Name="JclFavoriteFoldersExpertDLL" Type="L">
  <Description>JCL Open and Save IDE dialogs with favorite folders</Description>
  <GUID>{DCDB1939-E79B-4AF6-855E-78310CAF8467}</GUID>
  <C5PFlags/>
  <C6PFlags>-LUdesignide</C6PFlags>
  <C5Libs/>
  <C6Libs/>
  <CompilerDefines>RELEASE</CompilerDefines>
  <ImageBase>58040000</ImageBase>
  <Requires>
    <Package Name="rtl" Targets="allLibSuffix" Condition=""/>
    <Package Name="vcl" Targets="allLibSuffix" Condition=""/>
    <Package Name="designide" Targets="allLibSuffix" Condition=""/>
    <Package Name="Jcl-R" Targets="all" Condition=""/>
    <Package Name="JclBaseExpert-D" Targets="all" Condition=""/>
  </Requires>
  <Contains>
    <File Name="..\..\experts\favfolders\IdeOpenDlgFavoriteUnit.pas" Targets="designtimeIDE" Formname="" Condition=""/>
    <File Name="..\..\experts\favfolders\OpenDlgFavAdapter.pas" Targets="designtimeIDE" Formname="" Condition=""/>
  </Contains>
</Package>
