<?xml version="1.0" encoding="iso-8859-1"?>
<Package Name="JclProjectAnalysisExpert" Design="-1">
  <Description>JCL Project Analyzer</Description>
  <GUID>{518D9A98-4B3B-40B4-83EE-BD9D8CED6181}</GUID>
  <C5PFlags/>
  <C6PFlags>-LUdesignide</C6PFlags>
  <C5Libs/>
  <C6Libs/>
  <CompilerDefines>RELEASE</CompilerDefines>
  <ImageBase>58060000</ImageBase>
  <Requires>
    <Package Name="rtl" Targets="allLibSuffix" Condition=""/>
    <Package Name="vcl" Targets="allLibSuffix" Condition=""/>
    <Package Name="designide" Targets="allLibSuffix" Condition=""/>
    <Package Name="Jcl-R" Targets="all" Condition=""/>
    <Package Name="JclBaseExpert-D" Targets="all" Condition=""/>
  </Requires>
  <Contains>
    <File Name="..\..\experts\projectanalyzer\ProjAnalyzerFrm.pas" Targets="runtimeIDE" Formname="ProjectAnalyzerForm" Condition=""/>
    <File Name="..\..\experts\projectanalyzer\ProjAnalyzerImpl.pas" Targets="runtimeIDE" Formname="" Condition=""/>
  </Contains>
</Package>
