<?xml version="1.0" encoding="iso-8859-1"?>
<Package Name="JclRepositoryExpertDLL" Type="L">
  <Description>JCL Package containing repository wizards</Description>
  <GUID>{D93FF823-44C6-49D4-B9B3-30F1F60082F5}</GUID>
  <C5PFlags/>
  <C6PFlags>-LUdesignide</C6PFlags>
  <C5Libs/>
  <C6Libs/>
  <CompilerDefines>RELEASE</CompilerDefines>
  <ImageBase>58100000</ImageBase>
  <Requires>
    <Package Name="rtl" Targets="allLibSuffix" Condition=""/>
    <Package Name="vcl" Targets="allLibSuffix" Condition=""/>
    <Package Name="designide" Targets="allLibSuffix" Condition=""/>
    <Package Name="Jcl-R" Targets="all" Condition=""/>
    <Package Name="JclBaseExpert-D" Targets="all" Condition=""/>
  </Requires>
  <Contains>
    <File Name="..\..\experts\repository\JclOtaTemplates.pas" Targets="runtimeIDE" Formname="" Condition=""/>
    <File Name="..\..\experts\repository\JclOtaRepositoryUtils.pas" Targets="runtimeIDE" Formname="" Condition=""/>
    <File Name="..\..\experts\repository\JclOtaExcDlgRepository.pas" Targets="runtimeIDE" Formname="" Condition=""/>
    <File Name="..\..\experts\repository\JclOtaExcDlgWizard.pas" Targets="runtimeIDE" Formname="JclOtaExcDlgForm" Condition=""/>
    <File Name="..\..\experts\repository\JclOtaExcDlgFileFrame.pas" Targets="runtimeIDE" Formname="JclOtaExcDlgFilePage: TFrame" Condition=""/>
    <File Name="..\..\experts\repository\JclOtaExcDlgFormFrame.pas" Targets="runtimeIDE" Formname="JclOtaExcDlgFormPage: TFrame" Condition=""/>
    <File Name="..\..\experts\repository\JclOtaExcDlgSystemFrame.pas" Targets="runtimeIDE" Formname="JclOtaExcDlgSystemPage: TFrame" Condition=""/>
    <File Name="..\..\experts\repository\JclOtaExcDlgLogFrame.pas" Targets="runtimeIDE" Formname="JclOtaExcDlgLogPage: TFrame" Condition=""/>
    <File Name="..\..\experts\repository\JclOtaExcDlgTraceFrame.pas" Targets="runtimeIDE" Formname="JclOtaExcDlgTracePage: TFrame" Condition=""/>
    <File Name="..\..\experts\repository\JclOtaExcDlgThreadFrame.pas" Targets="runtimeIDE" Formname="JclOtaExcDlgThreadPage: TFrame" Condition=""/>
    <File Name="..\..\experts\repository\JclOtaExcDlgIgnoreFrame.pas" Targets="runtimeIDE" Formname="JclOtaExcDlgIgnorePage: TFrame" Condition=""/>
    <File Name="..\..\experts\repository\JclOtaRepositoryReg.pas" Targets="runtimeIDE" Formname="" Condition=""/>
  </Contains>
</Package>
