<?xml version="1.0" encoding="iso-8859-1"?>
<Package Name="JclThreadNameExpert" Design="-1">
  <Description>JCL Thread Name IDE expert</Description>
  <GUID>{69899FCE-ECA9-4BE8-8511-AA0ADBE93EC4}</GUID>
  <C5PFlags/>
  <C6PFlags>-LUdesignide</C6PFlags>
  <C5Libs/>
  <C6Libs/>
  <CompilerDefines>RELEASE</CompilerDefines>
  <ImageBase>580A0000</ImageBase>
  <Requires>
    <Package Name="rtl" Targets="allLibSuffix" Condition=""/>
    <Package Name="vcl" Targets="allLibSuffix" Condition=""/>
    <Package Name="designide" Targets="allLibSuffix" Condition=""/>
    <Package Name="Jcl-R" Targets="all" Condition=""/>
    <Package Name="JclBaseExpert-D" Targets="all" Condition=""/>
  </Requires>
  <Contains>
    <File Name="..\..\experts\debug\threadnames\ThreadExpertSharedNames.pas" Targets="d6,c6" Formname="" Condition=""/>
    <File Name="..\..\experts\debug\threadnames\ThreadExpertUnit.pas" Targets="d6,c6" Formname="" Condition=""/>
  </Contains>
</Package>
