<?xml version="1.0" encoding="iso-8859-1"?>
<Package Name="JclUsesExpert" Design="-1">
  <Description>JCL Uses Wizard</Description>
  <GUID>{76252B53-2477-4C6C-B7DA-1020496C7C72}</GUID>
  <C5PFlags/>
  <C6PFlags>-LUdesignide</C6PFlags>
  <C5Libs/>
  <C6Libs/>
  <CompilerDefines>RELEASE</CompilerDefines>
  <ImageBase>580C0000</ImageBase>
  <Requires>
    <Package Name="rtl" Targets="allLibSuffix" Condition=""/>
    <Package Name="vcl" Targets="allLibSuffix" Condition=""/>
    <Package Name="designide" Targets="allLibSuffix" Condition=""/>
    <Package Name="Jcl-R" Targets="all" Condition=""/>
    <Package Name="JclBaseExpert-D" Targets="all" Condition=""/>
  </Requires>
  <Contains>
    <File Name="..\..\experts\useswizard\JCLUsesWizard.pas" Targets="OldStyleIDE" Formname="" Condition=""/>
    <File Name="..\..\experts\useswizard\JCLOptionsFrame.pas" Targets="OldStyleIDE" Formname="FrameJclOptions: TFrame" Condition=""/>
    <File Name="..\..\experts\useswizard\JclUsesDialog.pas" Targets="OldStyleIDE" Formname="FormUsesConfirm" Condition=""/>
    <File Name="..\..\experts\useswizard\JclParseUses.pas" Targets="OldStyleIDE" Formname="" Condition=""/>
  </Contains>
</Package>
