<?xml version="1.0" encoding="iso-8859-1"?>
<Package Name="JclVcl" Design="0">
  <Description>JEDI Code Library VCL package</Description>
  <GUID>{EB88BAFD-FD11-4F14-A6F6-9036D67B1F8F}</GUID>
  <C5PFlags/>
  <C6PFlags/>
  <C5Libs/>
  <C6Libs/>
  <CompilerDefines>RELEASE</CompilerDefines>
  <ImageBase>48400000</ImageBase>
  <Requires>
    <Package Name="rtl" Targets="allLibSuffix" Condition=""/>
    <Package Name="vcl" Targets="allLibSuffix" Condition=""/>
    <Package Name="vcljpg" Targets="c6,d6,d7,d8,d9,d10,cs1,d11" Condition=""/>
    <Package Name="vclimg" Targets="allv12up" Condition=""/>
    <Package Name="Jcl-R" Targets="all" Condition=""/>
  </Requires>
  <Contains>
    <File Name="..\..\source\vcl\JclPrint.pas" Targets="Vcl" Formname="" Condition=""/>
    <File Name="..\..\source\vcl\JclGraphUtils.pas" Targets="Vcl" Formname="" Condition=""/>
    <File Name="..\..\source\vcl\JclGraphics.pas" Targets="Vcl" Formname="" Condition=""/>
    <File Name="..\..\source\vcl\JclFont.pas" Targets="Vcl" Formname="" Condition=""/>
    <File Name="..\..\source\vcl\JclVersionControl.pas" Targets="Vcl" Formname="" Condition=""/>
    <File Name="..\..\source\vcl\JclVersionCtrlCVSImpl.pas" Targets="Vcl" Formname="" Condition=""/>
    <File Name="..\..\source\vcl\JclVersionCtrlSVNImpl.pas" Targets="Vcl" Formname="" Condition=""/>
  </Contains>
</Package>
